address,name
"853 Palma Street Entre Montevideo y Ayolas, Asuncion 1202 Paraguay",Palmaroga Hotel
"Roa Denis Cap. 1455, Asuncion 1424 Paraguay",Portal del Sol Hotel
"Chile 980, Asuncion 001101 Paraguay",Nobile Suites Excelsior Asuncion
"Malutin 482 / Bertoni y Del Maestro Barrio Villa Morra, Asuncion 1825 Paraguay",Hotel Maison Suisse
"Colón 415 Esq. Estrella, Asuncion 1130 Paraguay",Asuncion Palace Hotel
"Aviadores Del Chaco Avda. 1761, Asuncion 1771 Paraguay",Aloft Asuncion
"Sgto. Primero Manuel Benitez 1577, Asuncion PY1749 Paraguay",Hotel Westfalenhaus
"Estados Unidos 341, Asuncion 1514 Paraguay",Hotel Cecilia
"Espana 202, Asuncion 1805 Paraguay",Hotel Palmas Del Sol
"Dr Francisco Morra 813 (Esquina Tte. H. Vera), Asuncion 1813 Paraguay",Factoria Hotel
"Iturbe 1156, Asuncion Py. Between Rodriguez de Francia St. And Republica de Colombia St, Asuncion 1156 Paraguay",El Nomada Hostel
"De la Residenta 902 y Padre Pucheau PO Box 224, Asuncion Paraguay",Gran Hotel del Paraguay
"Avenida Aviadores del Chaco 2935/55, Asuncion 1726 Paraguay","Holiday Inn Express Asuncion Aviadores, an IHG Hotel"
"Aviadores Del Chaco Avda. N° 3198, Asuncion 1827 Paraguay",Paramanta Lifestyle Hotel
"Calle Oliva Esquina Independencia Nacional, Asuncion 1302 Paraguay",Hotel Guarani Asuncion
"Calle Cerro Cora 939 Con Estados Unidos, Asuncion 1574 Paraguay","Crowne Plaza Asuncion, an IHG Hotel"
"Oliva 1275, Asuncion Paraguay",Costanera Hostel Asuncion
"25 De Mayo esquina Curupayty, Asuncion Paraguay",Premier Hill Suites Hotel
"Av. Capitan Domingo Ortiz C/ Julio Correa, Asuncion 1231 Paraguay",Danieri Asuncion Hotel
"15 De Agosto 472 C/ Oliva, Asuncion Paraguay",Hotel Bristol
"Avda. Santa Teresa, esq.Gumercindo Sosa a 2 Cuadras de la Avda.Aviadores del Chaco, Asuncion Paraguay",Hotel Le Pelican
"Colman Narciso R. 1909, Asuncion 1772 Paraguay",Las Lomas Casa Hotel
"Dr. Francisco Morra 295 Esq Olegario Andrade, Asuncion 1849 Paraguay",Five Hotel Asuncion
"Aviadores Del Chaco Avda. 2066, Asuncion 2066 Paraguay",Sheraton Asuncion Hotel
"Aviadores Del Chaco 2060, Asuncion 1771 Paraguay",Ibis Asuncion
"Mariscal López 3001 Corner Saraví, Villa Morra, Asuncion 1807 Paraguay",Hotel Villa Morra Residence
"Dr Eulogio Estigarribia 4990 esq. San Roque Gonzalez, Asuncion Paraguay",La Mision Hotel Boutique
"Aviadores Del Chaco Avda. 2822, Asuncion 1827 Paraguay",Esplendor by Wyndham Asuncion
"Av Aviadores Del Chaco Profesor Vasconcellos, Asuncion 1824 Paraguay",Dazzler by Wyndham Asuncion
"Eulogio Estigarribia Esquina Tte. Rodolfo Zotti, Asuncion 1849 Paraguay",Hub Hotel Asuncion
